timestamp,ear,mar,perclos,yaw,blink_rate,risk_score,speed,risk_level
2026-04-14 23:28:08,0.308,0.998,0.033,-0.2,11,1,80,SAFE
2026-04-14 23:28:11,0.205,1.016,0.050,6.1,7,5,70,MEDIUM
2026-04-14 23:28:13,0.190,1.067,0.483,4.2,16,8,70,HIGH
2026-04-14 23:28:16,0.291,1.036,0.700,3.7,17,6,70,HIGH
2026-04-14 23:28:19,0.363,0.998,0.250,1.4,14,3,70,MEDIUM
2026-04-14 23:28:22,0.380,1.040,0.000,1.1,12,3,70,MEDIUM
2026-04-14 23:28:24,0.386,1.000,0.000,1.5,11,3,70,MEDIUM
2026-04-14 23:28:27,0.363,1.124,0.000,7.1,10,4,70,MEDIUM
2026-04-14 23:28:30,0.310,0.997,0.000,-5.0,8,3,70,MEDIUM
2026-04-14 23:28:33,0.357,0.999,0.100,4.1,12,3,70,MEDIUM
2026-04-14 23:28:35,0.300,0.998,0.133,2.9,12,3,70,MEDIUM
2026-04-14 23:28:38,0.301,1.063,0.150,1.3,16,3,70,MEDIUM
2026-04-14 23:28:41,0.285,1.032,0.117,0.9,15,3,70,MEDIUM
2026-04-14 23:28:44,0.361,1.031,0.000,0.4,14,1,70,SAFE
2026-04-14 23:28:46,0.345,1.027,0.000,-0.3,13,1,70,SAFE
2026-04-14 23:28:49,0.237,0.988,0.167,0.2,14,1,70,SAFE
2026-04-14 23:28:52,0.191,1.035,0.550,0.9,13,6,60,HIGH
2026-04-14 23:28:55,0.174,1.031,0.883,-1.3,12,8,60,HIGH
2026-04-14 23:28:57,0.168,1.032,1.000,0.1,12,8,60,HIGH
2026-04-14 23:29:00,0.185,1.037,0.750,-0.1,12,8,60,HIGH
2026-04-14 23:29:03,0.265,0.995,0.300,-1.2,14,3,50,MEDIUM
2026-04-14 23:29:06,0.177,1.032,0.417,-0.2,14,8,50,HIGH
2026-04-14 23:29:08,0.197,0.998,0.833,-0.3,11,4,50,MEDIUM
2026-04-14 23:29:11,0.186,1.029,0.817,1.1,7,10,40,HIGH
2026-04-14 23:29:14,0.203,1.042,0.817,4.3,10,8,40,HIGH
2026-04-14 23:29:17,0.362,0.998,0.783,0.8,12,6,40,HIGH
2026-04-14 23:29:20,0.277,1.062,0.367,1.4,14,6,40,HIGH
2026-04-14 23:29:22,0.327,1.031,0.267,1.2,15,3,40,MEDIUM
2026-04-14 23:29:25,0.339,1.031,0.483,1.3,21,6,30,HIGH
2026-04-14 23:29:28,0.335,1.029,0.250,1.2,19,3,30,MEDIUM
2026-04-14 23:29:31,0.361,1.030,0.000,1.3,17,3,30,MEDIUM
2026-04-14 23:29:33,0.396,1.005,0.000,168.4,15,6,30,HIGH
2026-04-14 23:29:36,0.413,0.934,0.050,-0.9,18,3,20,MEDIUM
2026-04-14 23:29:39,0.342,0.999,0.067,0.2,18,3,20,MEDIUM
2026-04-14 23:29:42,0.361,1.039,0.067,24.6,18,4,20,MEDIUM
2026-04-14 23:29:44,0.324,1.013,0.033,20.4,18,4,20,MEDIUM
2026-04-14 23:29:47,0.230,1.036,0.083,24.9,19,4,20,MEDIUM
2026-04-14 23:29:50,0.412,1.038,0.067,6.9,19,3,10,MEDIUM
2026-04-14 23:29:52,0.336,0.994,0.017,-6.8,18,3,10,MEDIUM
2026-04-14 23:29:55,0.323,1.015,0.033,-26.5,18,6,10,HIGH
2026-04-14 23:29:58,0.275,1.037,0.117,-36.2,20,6,10,HIGH
2026-04-14 23:30:01,0.260,0.995,0.233,-8.5,23,3,10,MEDIUM
2026-04-14 23:30:03,0.309,0.996,0.200,-6.3,24,3,10,MEDIUM
2026-04-14 23:30:06,0.345,1.027,0.117,-3.4,24,1,10,SAFE
2026-04-14 23:31:07,0.137,1.029,0.633,0.8,11,6,70,HIGH
2026-04-14 23:31:10,0.323,1.000,0.683,-0.2,15,4,70,MEDIUM
2026-04-14 23:31:13,0.376,0.999,0.517,-0.3,22,6,70,HIGH
2026-04-14 23:31:16,0.148,0.996,0.367,0.5,27,10,70,HIGH
2026-04-14 23:31:18,0.166,0.998,0.367,1.9,30,10,60,HIGH
2026-04-14 23:31:21,0.190,1.029,0.300,1.5,32,7,60,HIGH
2026-04-14 23:31:24,0.332,1.024,0.283,0.1,39,5,60,MEDIUM
2026-04-14 23:31:26,0.322,0.992,0.133,21.4,34,6,60,HIGH
2026-04-14 23:31:29,0.343,1.026,0.017,19.3,33,6,50,HIGH
2026-04-14 23:31:32,0.323,1.028,0.033,-2.9,32,5,50,MEDIUM
2026-04-14 23:31:35,0.248,1.029,0.400,-0.1,38,8,50,HIGH
2026-04-14 23:31:37,0.302,0.994,0.467,0.6,41,8,50,HIGH
2026-04-14 23:31:40,0.281,1.032,0.183,1.8,39,3,40,MEDIUM
2026-04-14 23:31:43,0.319,0.995,0.100,2.0,37,3,40,MEDIUM
2026-04-14 23:31:46,0.301,1.030,0.200,1.3,38,3,40,MEDIUM
2026-04-14 23:31:48,0.185,1.032,0.267,2.8,39,5,40,MEDIUM
2026-04-14 23:31:51,0.323,1.031,0.133,2.1,39,3,40,MEDIUM
2026-04-14 23:31:54,0.332,1.033,0.067,2.3,37,3,40,MEDIUM
2026-04-14 23:31:56,0.188,0.968,0.217,2.8,39,5,40,MEDIUM
2026-04-14 23:31:59,0.234,1.029,0.367,2.2,43,6,30,HIGH
2026-04-14 23:32:02,0.195,1.048,0.267,15.6,43,5,30,MEDIUM
2026-04-14 23:32:05,0.200,1.000,0.267,26.3,44,8,30,HIGH
2026-04-14 23:32:07,0.311,1.018,0.217,19.6,44,6,30,HIGH
2026-04-14 23:32:10,0.305,1.028,0.033,-2.6,31,5,30,MEDIUM
2026-04-14 23:32:13,0.347,1.032,0.000,-1.0,23,3,30,MEDIUM
2026-04-14 23:32:15,0.319,0.993,0.000,-8.0,18,3,30,MEDIUM
2026-04-14 23:32:18,0.309,0.997,0.000,-1.8,15,3,30,MEDIUM
2026-04-14 23:32:21,0.315,1.028,0.000,2.4,12,3,30,MEDIUM
2026-04-14 23:32:23,0.246,0.884,0.000,10.3,12,4,30,MEDIUM
2026-04-14 23:32:26,0.333,1.020,0.000,-42.8,10,3,30,MEDIUM
2026-04-14 23:32:29,0.256,1.018,0.000,165.1,9,3,30,MEDIUM
2026-04-14 23:32:32,0.170,1.008,0.267,7.5,16,3,30,MEDIUM
2026-04-14 23:32:34,0.229,0.966,0.767,6.4,14,8,20,HIGH
2026-04-14 23:32:37,0.296,1.002,0.550,5.1,18,6,20,HIGH
2026-04-14 23:32:40,0.320,0.996,0.050,-3.5,17,3,20,MEDIUM
2026-04-14 23:32:43,0.345,1.032,0.017,-0.0,17,3,20,MEDIUM
2026-04-14 23:32:45,0.324,0.967,0.017,-0.1,16,3,20,MEDIUM
2026-04-14 23:32:48,0.347,0.993,0.033,-1.4,17,1,20,SAFE
2026-04-14 23:32:51,0.310,0.962,0.033,0.9,16,1,20,SAFE
2026-04-14 23:32:53,0.311,0.997,0.000,-0.1,15,1,20,SAFE
2026-04-14 23:32:56,0.358,0.994,0.000,-4.7,14,1,20,SAFE
2026-04-14 23:32:59,0.331,1.030,0.000,-3.2,13,1,20,SAFE
2026-04-14 23:33:02,0.370,1.024,0.000,-3.2,13,1,20,SAFE
2026-04-14 23:33:04,0.330,0.996,0.000,-3.2,13,1,20,SAFE
2026-04-14 23:33:07,0.207,1.031,0.117,-1.6,13,3,20,MEDIUM
2026-04-14 23:33:10,0.216,1.000,0.583,-1.4,24,6,10,HIGH
2026-04-14 23:33:12,0.253,1.024,0.833,-2.1,42,6,10,HIGH
2026-04-14 23:33:15,0.333,1.062,0.400,-2.9,42,6,10,HIGH
2026-04-14 23:33:18,0.335,1.025,0.050,-3.2,39,3,10,MEDIUM
2026-04-14 23:33:20,0.236,1.025,0.183,-2.1,53,3,10,MEDIUM
2026-04-14 23:33:23,0.238,1.034,0.300,-1.9,63,3,10,MEDIUM
2026-04-14 23:33:26,0.241,1.028,0.283,-2.1,71,3,10,MEDIUM
2026-04-14 23:33:28,0.309,0.997,0.200,-1.3,69,5,10,MEDIUM
2026-05-05 19:55:19,0.300,0.998,0.000,-5.1,0,1,80,SAFE
2026-05-05 19:55:22,0.286,1.023,0.067,2.9,14,3,80,MEDIUM
2026-05-05 19:55:25,0.203,1.027,0.267,4.7,16,5,80,MEDIUM
2026-05-05 19:55:27,0.203,0.987,0.467,20.1,26,11,70,HIGH
2026-05-05 19:55:30,0.285,1.001,0.383,5.1,29,8,70,HIGH
2026-05-05 19:55:33,0.331,1.000,0.283,3.2,28,5,70,MEDIUM
2026-05-05 19:55:35,0.326,0.985,0.167,12.8,25,3,70,MEDIUM
2026-05-05 19:55:38,0.402,0.963,0.000,-3.0,22,3,70,MEDIUM
2026-05-05 19:55:41,0.270,1.000,0.000,2.8,20,3,70,MEDIUM
2026-05-05 19:55:43,0.265,0.998,0.000,1.0,18,3,70,MEDIUM
2026-05-05 19:55:46,0.267,1.057,0.233,-0.4,22,3,70,MEDIUM
2026-05-05 19:55:48,0.292,1.000,0.233,4.5,20,3,70,MEDIUM
2026-05-05 19:55:51,0.272,1.026,0.000,4.5,19,3,70,MEDIUM
2026-05-05 19:55:54,0.233,1.000,0.067,11.3,19,3,70,MEDIUM
2026-05-05 19:55:56,0.284,1.000,0.083,5.1,19,3,70,MEDIUM
2026-05-05 19:55:59,0.138,1.002,0.067,5.4,18,5,70,MEDIUM
2026-05-05 19:56:02,0.333,0.971,0.133,7.5,18,3,70,MEDIUM
2026-05-05 19:56:04,0.327,1.001,0.083,6.1,17,3,70,MEDIUM
2026-05-05 19:56:07,0.272,1.032,0.000,5.6,17,3,70,MEDIUM
2026-05-05 19:56:09,0.304,1.000,0.100,3.2,17,3,70,MEDIUM
2026-05-05 19:56:12,0.336,1.000,0.200,2.7,18,3,70,MEDIUM
2026-05-05 19:56:15,0.324,1.062,0.100,-0.6,18,3,70,MEDIUM
2026-05-05 19:56:17,0.308,1.058,0.000,-4.7,18,3,70,MEDIUM
2026-05-05 19:56:20,0.273,1.030,0.000,-0.8,0,3,70,MEDIUM
2026-05-05 19:56:23,0.178,1.060,0.067,-2.5,6,7,60,HIGH
2026-05-15 11:25:55,0.000,0.000,0.000,0.0,0,2,80,SAFE
2026-05-15 11:25:57,0.314,1.000,0.000,-7.1,0,1,80,SAFE
2026-05-15 11:26:00,0.303,0.991,0.067,-4.5,13,3,70,MEDIUM
2026-05-15 11:26:02,0.277,0.989,0.067,-4.6,11,3,70,MEDIUM
2026-05-15 11:26:04,0.313,0.960,0.000,-2.7,9,3,70,MEDIUM
2026-05-15 11:26:06,0.333,1.039,0.000,-0.2,7,5,70,MEDIUM
2026-05-15 11:26:08,0.355,0.996,0.000,-2.0,7,5,70,MEDIUM
2026-05-15 11:26:10,0.280,0.998,0.000,-2.4,6,5,70,MEDIUM
2026-05-15 11:26:12,0.316,1.035,0.000,-1.0,5,5,70,MEDIUM
2026-05-15 11:26:14,0.351,1.034,0.000,-0.7,5,5,70,MEDIUM
2026-05-15 11:26:16,0.280,0.999,0.000,0.4,4,5,60,MEDIUM
2026-05-15 11:26:18,0.365,1.000,0.000,-3.9,4,5,60,MEDIUM
2026-05-15 11:26:20,0.348,0.995,0.000,-5.4,4,6,60,HIGH
2026-05-15 11:26:23,0.311,0.958,0.000,-2.3,3,5,60,MEDIUM
2026-05-15 11:26:25,0.246,0.997,0.000,-0.7,3,5,60,MEDIUM
2026-05-15 11:26:54,0.263,0.996,0.000,-3.0,0,1,80,SAFE
2026-05-15 11:26:56,0.247,0.996,0.000,-2.7,0,1,80,SAFE
2026-05-15 11:26:58,0.308,1.000,0.017,-3.5,9,1,80,SAFE
2026-05-15 11:26:59,0.248,1.000,0.017,-4.6,7,3,80,MEDIUM
2026-05-15 11:27:01,0.291,0.995,0.000,-4.1,6,5,80,MEDIUM
2026-05-15 11:27:03,0.283,0.995,0.000,-4.5,5,5,80,MEDIUM
2026-05-15 11:27:04,0.334,0.996,0.000,-3.1,4,5,80,MEDIUM
2026-05-15 11:27:06,0.302,0.994,0.000,-2.4,4,5,80,MEDIUM
2026-05-15 11:27:08,0.331,0.960,0.000,-1.4,3,5,80,MEDIUM
2026-05-15 11:27:09,0.267,0.997,0.000,-2.4,3,5,80,MEDIUM
2026-05-15 11:27:11,0.247,1.000,0.017,-1.6,6,5,70,MEDIUM
2026-05-15 11:27:13,0.301,1.000,0.017,-2.1,5,5,70,MEDIUM
2026-05-15 11:27:14,0.342,0.997,0.000,-2.4,5,5,70,MEDIUM
2026-05-15 11:27:16,0.319,0.994,0.000,-2.4,4,5,70,MEDIUM
2026-05-15 11:27:18,0.336,1.000,0.000,-2.3,4,5,70,MEDIUM
2026-05-15 11:27:20,0.317,0.960,0.000,-2.1,4,5,70,MEDIUM
2026-05-15 11:27:21,0.248,0.996,0.000,-2.8,4,5,70,MEDIUM
2026-05-15 11:27:23,0.293,0.997,0.000,-2.7,3,6,60,HIGH
2026-05-15 11:27:25,0.319,0.958,0.000,-6.8,3,5,60,MEDIUM
2026-05-15 11:27:26,0.324,1.032,0.000,-6.8,3,6,60,HIGH
2026-05-15 11:27:28,0.336,1.034,0.067,-4.9,4,6,60,HIGH
2026-05-15 11:27:29,0.336,1.034,0.067,-4.9,4,6,60,HIGH
2026-05-15 11:27:31,0.335,0.995,0.183,-3.7,9,3,60,MEDIUM
2026-05-15 11:27:32,0.309,1.032,0.317,-3.2,11,4,60,MEDIUM
2026-05-15 11:27:34,0.331,0.961,0.133,-3.3,11,3,60,MEDIUM
2026-05-15 11:27:36,0.304,1.036,0.000,-2.5,10,3,60,MEDIUM
2026-05-15 11:27:37,0.305,1.037,0.000,-3.8,10,4,60,MEDIUM
2026-05-15 11:27:39,0.342,1.008,0.000,-17.8,10,4,60,MEDIUM
2026-05-15 11:27:41,0.297,1.006,0.000,12.0,9,3,60,MEDIUM
2026-05-15 11:27:42,0.324,1.000,0.000,6.2,9,4,60,MEDIUM
2026-05-15 11:27:44,0.319,0.991,0.000,-1.8,9,4,60,MEDIUM
2026-05-15 11:27:45,0.213,0.996,0.017,-1.5,8,5,60,MEDIUM
2026-05-15 11:27:47,0.265,0.997,0.217,-0.6,11,3,60,MEDIUM
2026-05-15 11:27:48,0.238,1.037,0.400,0.6,13,6,50,HIGH
2026-05-15 11:27:50,0.304,1.001,0.317,3.9,15,3,50,MEDIUM
2026-05-15 11:27:52,0.306,1.004,0.150,4.7,16,3,50,MEDIUM
2026-05-15 11:27:53,0.304,1.003,0.033,3.6,16,3,50,MEDIUM
2026-05-15 11:27:55,0.326,1.001,0.000,5.3,16,3,50,MEDIUM
2026-05-15 11:27:57,0.257,0.999,0.000,-0.7,0,3,50,MEDIUM
2026-05-15 11:27:58,0.328,0.998,0.000,0.0,0,3,50,MEDIUM
2026-05-16 22:09:25,0.266,1.040,0.000,-6.4,0,1,0.67,80,SAFE
2026-05-16 22:09:27,0.374,0.995,0.083,-0.2,11,2,0.44,80,SAFE
2026-05-16 22:09:29,0.351,1.028,0.083,-1.3,8,2,0.22,80,SAFE
2026-05-16 22:09:30,0.341,0.996,0.000,-1.7,6,5,0.00,80,MEDIUM
2026-05-16 22:09:32,0.363,0.997,0.117,-2.1,17,3,0.00,70,MEDIUM
2026-05-16 22:09:34,0.236,1.032,0.133,-2.1,19,3,0.00,70,MEDIUM
2026-05-16 22:09:41,0.323,0.992,0.167,-3.1,0,1,0.67,80,SAFE
2026-05-16 22:09:43,0.309,0.995,0.083,-3.4,11,2,0.45,80,SAFE
2026-05-16 22:09:45,0.305,0.997,0.000,-3.4,8,2,0.22,80,SAFE
2026-05-16 22:09:46,0.310,1.000,0.133,-2.7,19,3,0.00,70,MEDIUM
2026-05-16 22:09:48,0.290,1.028,0.183,-3.2,22,3,0.00,70,MEDIUM
2026-05-16 22:09:50,0.318,1.000,0.050,3.9,19,3,0.00,70,MEDIUM
2026-05-16 22:09:52,0.230,1.036,0.017,2.1,20,3,0.00,70,MEDIUM
2026-05-16 22:09:54,0.308,1.035,0.133,1.0,22,3,0.00,70,MEDIUM
2026-05-16 22:09:55,0.320,0.998,0.133,0.3,23,3,0.00,70,MEDIUM
2026-05-16 22:09:57,0.344,1.039,0.017,5.8,21,3,0.00,70,MEDIUM
2026-05-16 22:09:59,0.341,0.964,0.000,2.7,19,3,0.00,70,MEDIUM
2026-05-16 22:10:01,0.352,1.033,0.000,2.7,17,3,0.00,70,MEDIUM
2026-05-16 22:10:03,0.269,0.997,0.117,2.0,21,3,0.00,70,MEDIUM
2026-05-16 22:10:04,0.302,0.962,0.250,1.1,24,3,0.00,70,MEDIUM
2026-05-16 22:10:06,0.245,1.021,0.183,3.6,24,3,0.00,70,MEDIUM
2026-05-16 22:10:08,0.315,1.017,0.050,2.3,23,3,0.00,70,MEDIUM
2026-05-16 22:10:10,0.251,0.998,0.000,0.1,22,3,0.00,70,MEDIUM
2026-05-16 22:10:12,0.276,0.996,0.000,0.0,20,3,0.00,70,MEDIUM
2026-05-16 22:10:14,0.322,1.032,0.000,-0.2,19,3,0.00,70,MEDIUM
2026-05-16 22:10:16,0.281,0.998,0.000,-0.2,18,3,0.00,70,MEDIUM
2026-05-16 22:10:17,0.288,0.996,0.000,-0.1,18,3,0.00,70,MEDIUM
2026-05-16 22:10:19,0.274,1.033,0.000,-1.0,17,3,0.00,70,MEDIUM
2026-05-16 22:10:21,0.276,0.997,0.000,-0.1,16,3,0.00,70,MEDIUM
2026-05-16 22:10:23,0.214,0.996,0.283,-1.7,17,5,0.00,70,MEDIUM
2026-05-16 22:10:24,0.291,1.032,0.333,-1.4,17,3,0.00,70,MEDIUM
2026-05-16 22:10:26,0.349,1.031,0.050,-2.0,17,3,0.00,70,MEDIUM
2026-05-16 22:10:28,0.336,1.031,0.000,-2.0,16,3,0.00,70,MEDIUM
2026-05-16 22:10:30,0.284,1.030,0.000,-1.9,15,3,0.00,70,MEDIUM
2026-05-16 22:11:07,0.347,0.998,0.000,0.6,0,1,0.67,80,SAFE
2026-05-16 22:11:09,0.305,0.965,0.000,1.2,0,2,0.45,80,SAFE
2026-05-16 22:11:11,0.305,0.998,0.000,0.7,0,2,0.22,80,SAFE
2026-05-16 22:11:13,0.346,1.033,0.000,0.8,0,3,0.00,80,MEDIUM
2026-05-16 22:11:14,0.317,0.998,0.000,0.3,0,3,0.00,80,MEDIUM
2026-05-16 22:11:16,0.342,1.035,0.000,0.2,0,3,0.00,80,MEDIUM
2026-05-16 22:11:18,0.323,1.037,0.000,0.0,0,3,0.00,80,MEDIUM
2026-05-16 22:11:20,0.323,0.998,0.000,0.6,0,3,0.00,80,MEDIUM
2026-05-16 22:11:22,0.301,1.000,0.000,0.3,0,3,0.00,80,MEDIUM
2026-05-16 22:11:23,0.311,1.033,0.000,-0.0,0,3,0.00,80,MEDIUM
2026-05-16 22:11:25,0.300,0.999,0.000,0.6,0,3,0.00,80,MEDIUM
2026-05-16 22:11:27,0.313,1.034,0.000,0.5,0,3,0.00,80,MEDIUM
2026-05-16 22:11:29,0.336,0.995,0.000,0.3,0,3,0.00,80,MEDIUM
2026-05-16 22:11:31,0.365,0.963,0.000,2.3,0,3,0.00,80,MEDIUM
2026-05-16 22:11:33,0.346,0.997,0.000,1.1,0,3,0.00,80,MEDIUM
2026-05-16 22:11:35,0.357,0.997,0.000,0.3,0,3,0.00,80,MEDIUM
2026-05-16 22:11:37,0.334,0.998,0.000,-0.4,0,3,0.00,80,MEDIUM
2026-05-16 22:12:47,0.322,1.044,0.067,0.1,0,1,0.67,80,SAFE
2026-05-16 22:12:49,0.371,1.040,0.033,1.6,22,2,0.42,80,SAFE
2026-05-16 22:12:51,0.348,0.997,0.000,-2.3,16,2,0.19,80,SAFE
2026-05-16 22:12:53,0.337,1.038,0.000,-4.0,13,3,0.00,80,MEDIUM
2026-05-16 22:15:09,0.329,0.991,0.300,-1.8,0,1,0.66,80,SAFE
2026-05-16 22:15:10,0.349,0.992,0.150,-3.7,11,2,0.42,80,SAFE
2026-05-16 22:15:12,0.345,0.996,0.000,-2.9,8,2,0.19,80,SAFE
2026-05-16 22:15:14,0.326,0.996,0.000,-2.9,6,5,0.00,80,MEDIUM
2026-05-16 22:15:16,0.387,1.030,0.000,-2.6,5,5,0.00,80,MEDIUM
2026-05-16 22:15:18,0.304,0.996,0.083,-0.6,18,3,0.00,70,MEDIUM
2026-05-16 22:15:20,0.323,0.998,0.083,-0.9,16,3,0.00,70,MEDIUM
2026-05-16 22:15:21,0.310,0.958,0.000,-0.8,14,3,0.00,70,MEDIUM
2026-05-16 22:15:23,0.317,0.998,0.000,-0.7,13,3,0.00,70,MEDIUM
2026-05-16 22:15:25,0.395,1.000,0.033,-6.6,14,3,0.00,70,MEDIUM
2026-05-16 22:15:27,0.225,0.995,0.100,-6.3,13,5,0.00,70,MEDIUM
2026-05-16 22:15:29,0.375,0.995,0.083,-6.2,14,3,0.00,70,MEDIUM
2026-05-16 22:16:13,0.313,0.997,0.000,-2.4,0,1,0.68,80,SAFE
2026-05-16 22:16:15,0.353,0.995,0.183,-0.3,11,2,0.46,80,SAFE
2026-05-16 22:16:17,0.342,0.995,0.183,-0.2,8,2,0.23,80,SAFE
2026-05-16 22:16:18,0.378,0.959,0.017,0.6,13,3,0.01,70,MEDIUM
2026-05-16 22:16:20,0.375,0.995,0.017,0.2,11,3,0.00,70,MEDIUM
2026-05-16 22:16:22,0.278,0.995,0.200,-0.3,29,5,0.00,70,MEDIUM
2026-05-16 22:18:23,0.298,0.996,0.133,-0.3,0,1,0.68,80,SAFE
2026-05-16 22:18:25,0.321,1.029,0.133,-0.8,58,4,0.45,80,MEDIUM
2026-05-16 22:18:26,0.331,0.993,0.067,-0.9,43,4,0.22,80,MEDIUM
2026-05-16 22:18:28,0.388,0.996,0.117,0.3,47,5,0.00,70,MEDIUM
2026-05-16 22:18:30,0.303,0.993,0.217,-0.4,44,5,0.00,70,MEDIUM
2026-05-16 22:18:32,0.331,0.958,0.100,-0.3,38,5,0.00,70,MEDIUM
2026-05-16 22:18:34,0.280,0.992,0.000,-0.5,33,5,0.00,70,MEDIUM
2026-05-16 22:18:36,0.316,0.992,0.000,-0.3,29,5,0.00,70,MEDIUM
2026-05-16 22:18:37,0.371,0.960,0.000,-0.7,26,5,0.00,70,MEDIUM
2026-05-16 22:18:39,0.332,0.994,0.000,-0.7,24,3,0.00,70,MEDIUM
2026-05-16 22:18:41,0.368,0.994,0.000,-1.0,22,3,0.00,70,MEDIUM
2026-05-16 22:21:00,0.209,0.993,0.467,-2.3,0,6,0.67,70,HIGH
2026-05-16 22:21:01,0.271,0.996,0.433,1.1,58,7,0.45,70,HIGH
2026-05-16 22:21:03,0.359,0.994,0.200,2.0,43,4,0.23,70,MEDIUM
2026-05-16 22:21:05,0.366,0.964,0.000,1.2,34,5,0.00,70,MEDIUM
2026-05-16 22:21:07,0.359,0.965,0.067,3.8,34,5,0.00,70,MEDIUM
2026-05-16 22:21:09,0.345,1.000,0.067,3.4,29,5,0.00,70,MEDIUM
2026-05-16 22:21:10,0.319,0.967,0.000,2.9,25,3,0.00,70,MEDIUM
2026-05-16 22:21:12,0.321,0.997,0.050,3.0,26,5,0.00,70,MEDIUM
2026-05-16 22:21:14,0.356,0.961,0.050,2.1,23,3,0.00,70,MEDIUM
2026-05-16 22:21:16,0.318,0.998,0.000,2.2,21,3,0.00,70,MEDIUM
2026-05-16 22:21:18,0.331,0.963,0.000,2.2,19,3,0.00,70,MEDIUM
2026-05-16 22:21:20,0.393,0.962,0.000,-1.2,17,3,0.00,70,MEDIUM
2026-05-16 22:21:22,0.323,1.000,0.000,0.1,16,3,0.00,70,MEDIUM
2026-05-16 22:21:23,0.106,0.955,0.283,6.0,15,5,0.00,70,MEDIUM
2026-05-16 22:21:25,0.278,0.969,0.517,-0.8,16,6,0.00,60,HIGH
2026-05-16 22:21:27,0.318,0.999,0.233,2.5,15,3,0.00,60,MEDIUM
2026-05-16 22:21:29,0.349,0.967,0.000,2.8,14,3,0.00,60,MEDIUM
2026-05-16 22:21:31,0.356,0.998,0.000,2.8,13,3,0.00,60,MEDIUM
2026-05-16 22:21:33,0.400,1.030,0.000,3.2,13,3,0.00,60,MEDIUM
2026-05-16 22:21:35,0.388,0.964,0.000,3.2,12,3,0.00,60,MEDIUM
2026-05-16 22:21:36,0.370,0.998,0.000,2.7,11,3,0.00,60,MEDIUM
2026-05-16 22:21:38,0.371,0.998,0.000,2.3,11,3,0.00,60,MEDIUM
2026-05-16 22:21:40,0.331,0.998,0.000,1.8,10,3,0.00,60,MEDIUM
2026-05-16 22:21:42,0.233,0.998,0.017,-5.0,11,3,0.00,60,MEDIUM
2026-05-16 22:21:44,0.356,0.992,0.083,-1.4,13,3,0.00,60,MEDIUM
2026-05-16 22:21:45,0.355,1.019,0.183,-6.2,15,3,0.00,60,MEDIUM
2026-05-16 22:21:47,0.174,1.019,0.350,-5.1,15,5,0.00,60,MEDIUM
2026-05-16 22:25:22,0.306,1.037,0.000,-1.2,0,1,0.99,80,SAFE
2026-05-16 22:25:24,0.331,0.995,0.000,-0.8,0,1,0.98,80,SAFE
2026-05-16 22:25:26,0.333,1.002,0.033,4.7,8,1,0.83,80,SAFE
2026-05-16 22:25:28,0.357,1.003,0.050,7.0,13,1,0.59,80,SAFE
2026-05-16 22:25:30,0.330,0.964,0.017,0.2,10,1,0.97,80,SAFE
2026-05-16 22:25:31,0.307,1.038,0.067,0.4,14,1,0.85,80,SAFE
2026-05-16 22:25:33,0.242,1.000,0.167,2.1,20,1,0.61,80,SAFE
2026-05-16 22:25:35,0.185,1.000,0.183,2.3,18,4,0.38,80,MEDIUM
2026-05-16 22:25:37,0.250,1.020,0.517,1.3,19,5,0.15,70,MEDIUM
2026-05-16 22:25:39,0.231,0.979,0.783,-28.2,23,9,0.00,70,HIGH
2026-05-16 22:25:47,0.259,1.068,0.567,-8.0,0,4,0.94,70,MEDIUM
2026-05-16 22:25:49,0.351,1.028,0.283,-1.9,34,3,0.97,70,MEDIUM
2026-05-16 22:25:51,0.324,0.996,0.000,-2.1,25,1,0.92,70,SAFE
2026-05-16 22:25:52,0.353,0.997,0.083,-0.5,33,3,0.99,70,MEDIUM
2026-05-16 22:25:54,0.313,0.995,0.150,-0.2,33,3,0.98,70,MEDIUM
2026-05-16 22:25:56,0.328,1.001,0.067,5.9,28,3,0.95,70,MEDIUM
2026-05-16 22:25:58,0.298,1.000,0.150,3.9,33,3,0.99,70,MEDIUM
2026-05-16 22:26:00,0.334,0.998,0.150,2.8,29,3,1.00,70,MEDIUM
2026-05-16 22:26:02,0.168,0.962,0.017,2.1,26,5,0.97,70,MEDIUM
2026-05-16 22:26:04,0.297,0.978,0.150,4.3,29,3,0.94,70,MEDIUM
2026-05-16 22:26:05,0.333,1.000,0.133,3.6,27,3,0.89,70,MEDIUM
2026-05-16 22:26:07,0.270,0.997,0.000,0.7,25,1,0.97,70,SAFE
2026-05-16 22:26:09,0.251,1.033,0.000,0.4,23,1,0.98,70,SAFE
2026-05-16 22:26:11,0.258,0.998,0.000,0.5,22,1,0.95,70,SAFE
2026-05-16 22:26:13,0.265,0.963,0.000,0.4,20,1,0.97,70,SAFE
2026-05-16 22:26:14,0.254,1.033,0.000,0.2,19,1,0.98,70,SAFE
2026-05-16 22:26:16,0.234,1.025,0.033,-4.4,22,1,0.99,70,SAFE
2026-05-16 22:26:18,0.251,1.022,0.050,-3.4,22,1,0.97,70,SAFE
2026-05-16 22:26:20,0.266,0.990,0.033,-4.1,23,1,0.75,70,SAFE
2026-05-16 22:26:22,0.145,0.990,0.050,-4.5,22,3,0.52,70,MEDIUM
2026-05-16 22:26:23,0.278,1.032,0.050,-6.0,22,1,0.96,70,SAFE
2026-05-16 22:26:25,0.289,1.032,0.017,-4.7,21,1,0.70,70,SAFE
2026-05-16 22:26:27,0.297,1.033,0.000,-4.4,20,1,0.81,70,SAFE
2026-05-16 22:26:29,0.281,0.996,0.000,-5.2,19,1,0.77,70,SAFE
2026-05-16 22:26:31,0.313,0.992,0.000,-5.3,18,1,0.97,70,SAFE
2026-05-16 22:26:33,0.297,1.026,0.000,-5.4,18,1,0.95,70,SAFE
2026-05-16 22:26:35,0.302,0.993,0.000,-5.3,17,1,0.71,70,SAFE
2026-05-16 22:26:37,0.335,1.002,0.000,7.1,16,2,0.48,70,SAFE
2026-05-16 22:26:39,0.321,0.965,0.000,4.8,16,1,0.83,70,SAFE
2026-05-16 22:26:41,0.305,1.025,0.050,7.5,16,1,0.60,70,SAFE
2026-05-16 22:26:42,0.309,0.984,0.050,4.6,16,2,0.37,70,SAFE
2026-05-16 22:26:44,0.342,0.981,0.017,23.8,17,3,0.15,70,MEDIUM
2026-05-16 22:26:46,0.307,0.932,0.017,24.1,17,2,0.88,60,SAFE
2026-05-16 22:26:48,0.313,0.986,0.000,16.0,17,1,0.99,60,SAFE
2026-05-16 22:26:50,0.258,1.018,0.167,9.8,28,3,0.89,60,MEDIUM
2026-05-16 22:26:52,0.256,1.002,0.283,7.9,36,3,0.66,60,MEDIUM
2026-05-16 22:26:53,0.235,0.999,0.250,3.4,48,3,0.90,60,MEDIUM
2026-05-16 22:33:33,0.162,0.480,0.267,-1.5,0,2,0.67,80,SAFE
2026-05-16 22:33:35,0.131,0.393,0.217,-1.0,34,5,0.44,80,MEDIUM
2026-05-16 22:33:37,0.276,0.584,0.267,3.2,42,3,0.20,80,MEDIUM
2026-05-16 22:33:39,0.329,0.407,0.283,1.4,39,2,0.83,70,SAFE
2026-05-16 22:33:41,0.297,0.425,0.100,0.5,33,2,0.94,70,SAFE
2026-05-16 22:33:43,0.316,0.439,0.000,0.3,28,2,0.90,70,SAFE
2026-05-17 23:13:26,0.283,0.339,0.000,1.5,0,0,0.67,80,SAFE
2026-05-17 23:13:28,0.190,0.412,0.017,1.9,0,3,0.46,80,MEDIUM
2026-05-17 23:13:30,0.374,0.446,0.150,-0.5,9,0,0.92,80,SAFE
2026-05-17 23:13:31,0.133,0.453,0.467,1.4,7,7,0.81,70,HIGH
2026-05-17 23:13:33,0.348,0.433,0.383,-0.1,12,3,0.96,70,MEDIUM
2026-05-17 23:13:34,0.379,0.422,0.050,0.7,10,0,0.99,70,SAFE
2026-05-17 23:13:36,0.306,0.684,0.000,3.0,9,1,0.85,70,SAFE
2026-05-17 23:13:38,0.315,0.358,0.000,1.9,8,0,0.65,70,SAFE
2026-05-17 23:13:39,0.362,0.453,0.000,18.1,7,3,1.00,70,MEDIUM
2026-05-17 23:13:41,0.371,0.428,0.000,2.8,6,2,0.97,70,SAFE
2026-05-17 23:13:43,0.227,0.416,0.017,1.4,6,4,0.93,70,MEDIUM
2026-05-17 23:13:44,0.355,0.417,0.117,1.3,11,0,0.95,70,SAFE
2026-05-17 23:13:46,0.394,0.445,0.100,-1.8,10,0,0.92,70,SAFE
2026-05-17 23:13:47,0.363,0.656,0.000,-174.1,9,3,0.71,70,MEDIUM
2026-05-17 23:13:49,0.360,0.412,0.000,1.6,9,0,0.96,70,SAFE
2026-05-17 23:13:51,0.382,0.431,0.000,2.5,8,0,0.96,70,SAFE
2026-05-17 23:13:52,0.369,0.740,0.000,3.4,8,1,0.95,70,SAFE
2026-05-17 23:13:54,0.338,0.916,0.000,4.5,7,3,0.84,70,MEDIUM
2026-05-17 23:13:56,0.374,0.375,0.000,-1.2,7,2,0.90,70,SAFE
2026-05-17 23:13:57,0.326,0.422,0.000,-0.2,6,2,0.99,70,SAFE
2026-05-17 23:13:59,0.369,0.427,0.000,-1.0,6,2,0.96,70,SAFE
2026-05-17 23:14:01,0.328,0.433,0.000,-1.8,6,2,0.96,70,SAFE
2026-05-17 23:14:02,0.344,0.440,0.000,-1.8,6,2,0.97,70,SAFE
2026-05-17 23:14:04,0.342,0.437,0.000,-1.2,5,2,0.82,70,SAFE
2026-05-17 23:14:06,0.371,0.795,0.000,0.9,5,3,0.61,70,MEDIUM
2026-05-17 23:14:08,0.152,0.418,0.050,1.3,5,4,0.91,70,MEDIUM
2026-05-17 23:14:09,0.247,0.429,0.167,0.0,7,2,0.98,70,SAFE
2026-05-17 23:14:11,0.328,0.674,0.117,0.4,7,3,0.89,70,MEDIUM
2026-05-17 23:14:13,0.359,0.624,0.000,1.9,7,3,0.96,70,MEDIUM
2026-05-17 23:14:14,0.359,0.353,0.000,2.0,7,2,0.75,70,SAFE
2026-05-17 23:14:16,0.364,0.459,0.000,-4.0,6,2,0.93,70,SAFE
2026-05-17 23:14:18,0.376,0.492,0.000,-17.7,6,3,0.98,70,MEDIUM
2026-05-17 23:14:19,0.367,0.350,0.000,-1.4,6,2,0.95,70,SAFE
2026-05-17 23:14:21,0.175,0.385,0.067,0.7,7,4,0.96,70,MEDIUM
2026-05-17 23:14:23,0.308,0.372,0.183,-0.3,9,0,0.98,70,SAFE
2026-05-17 23:14:24,0.324,0.391,0.183,-0.5,9,0,0.91,70,SAFE
2026-05-17 23:14:26,0.337,0.397,0.133,-0.6,9,0,0.96,70,SAFE
2026-05-17 23:14:28,0.326,0.494,0.067,0.5,9,0,0.98,70,SAFE
2026-05-17 23:14:29,0.333,0.378,0.067,-0.3,28,2,1.00,70,SAFE
2026-05-17 23:14:31,0.321,0.386,0.067,-0.6,22,0,0.98,70,SAFE
2026-05-17 23:14:33,0.349,0.386,0.000,-0.2,18,0,0.83,70,SAFE
2026-05-17 23:14:34,0.308,0.397,0.050,0.1,21,0,1.00,70,SAFE
2026-05-17 23:14:36,0.339,0.552,0.050,2.6,18,0,0.91,70,SAFE
2026-05-17 23:14:38,0.320,0.683,0.000,1.5,16,1,0.93,70,SAFE
2026-05-18 07:33:24,0.244,0.368,0.000,-1.1,0,0,0.72,80,SAFE
2026-05-18 07:33:26,0.280,0.377,0.017,2.3,0,0,0.51,80,SAFE
2026-05-18 07:33:27,0.269,0.443,0.083,2.0,29,2,0.96,80,SAFE
2026-05-18 07:33:29,0.236,0.377,0.117,0.8,30,2,0.95,80,SAFE
2026-05-18 07:33:31,0.270,0.377,0.083,2.3,31,2,0.98,80,SAFE
2026-05-18 07:33:32,0.283,0.375,0.117,1.0,37,2,0.98,80,SAFE
2026-05-18 07:33:34,0.259,0.381,0.233,0.3,42,2,0.99,80,SAFE
2026-05-18 07:33:35,0.221,0.385,0.183,0.1,37,4,0.92,80,MEDIUM
2026-05-18 07:33:37,0.306,0.381,0.183,-6.2,37,2,0.71,80,SAFE
2026-05-18 07:33:39,0.293,0.322,0.150,-0.2,34,2,0.98,80,SAFE
2026-05-18 07:33:40,0.246,0.448,0.000,2.5,31,2,0.83,80,SAFE
2026-05-18 07:33:42,0.263,0.417,0.017,0.2,31,2,0.98,80,SAFE
2026-05-18 07:33:44,0.283,0.451,0.017,-0.6,29,2,0.78,80,SAFE
2026-05-18 07:33:45,0.283,0.375,0.000,-1.9,27,2,0.57,80,SAFE
2026-05-18 07:33:47,0.176,0.365,0.233,-1.5,27,5,0.37,80,MEDIUM
2026-05-18 09:02:10,0.321,0.414,0.033,-9.6,0,0,0.67,80,SAFE
2026-05-18 09:02:12,0.294,0.408,0.017,-18.1,11,2,0.42,80,SAFE
2026-05-18 09:02:14,0.306,0.344,0.033,-14.7,16,1,0.18,80,SAFE
2026-05-18 09:02:16,0.337,0.370,0.033,-18.5,12,2,0.00,80,SAFE
2026-05-18 09:02:18,0.273,0.390,0.067,-18.9,21,3,0.00,80,MEDIUM
2026-05-18 09:02:20,0.297,0.331,0.067,-13.6,18,2,0.00,80,SAFE
2026-05-18 09:02:22,0.293,0.408,0.000,-22.2,15,3,0.00,80,MEDIUM
2026-05-18 09:02:24,0.351,0.401,0.017,-17.0,17,2,0.00,80,SAFE
2026-05-18 09:02:26,0.321,0.408,0.067,-21.0,18,3,0.00,80,MEDIUM
2026-05-18 09:02:28,0.323,0.438,0.050,-23.4,17,3,0.00,80,MEDIUM
2026-05-18 09:02:30,0.296,0.458,0.000,-23.7,15,3,0.00,80,MEDIUM
2026-05-18 09:02:31,0.321,0.439,0.000,-26.5,14,5,0.00,80,MEDIUM
2026-05-18 09:02:33,0.175,0.388,0.017,-29.0,13,7,0.00,80,HIGH
2026-05-18 09:02:35,0.287,0.367,0.017,-16.0,14,2,0.00,70,SAFE
2026-05-18 09:02:37,0.240,0.406,0.000,-19.2,13,3,0.00,70,MEDIUM
2026-05-18 09:02:39,0.227,0.401,0.050,-25.1,14,7,0.00,70,HIGH
2026-05-18 09:02:41,0.328,0.471,0.083,-21.9,17,3,0.00,70,MEDIUM
2026-05-18 09:02:43,0.405,0.434,0.083,-26.8,19,5,0.00,70,MEDIUM
2026-05-18 09:02:45,0.262,0.383,0.050,-25.6,18,5,0.00,70,MEDIUM
2026-05-18 09:02:47,0.188,0.385,0.033,-30.9,19,7,0.00,70,HIGH
2026-05-18 09:02:49,0.294,0.442,0.067,-22.2,21,3,0.00,60,MEDIUM
2026-05-18 09:02:51,0.314,0.380,0.033,30.0,20,5,0.00,60,MEDIUM
2026-05-18 09:02:53,0.269,0.412,0.000,-15.1,19,2,0.00,60,SAFE
2026-05-18 09:02:55,0.344,0.414,0.017,162.4,20,4,0.00,60,MEDIUM
2026-05-18 09:02:57,0.298,0.383,0.050,-19.3,21,3,0.00,60,MEDIUM
2026-05-18 09:02:58,0.295,0.350,0.033,-12.3,20,2,0.00,60,SAFE
2026-05-18 09:03:00,0.329,0.355,0.000,-8.9,20,2,0.00,60,SAFE
2026-05-18 09:03:02,0.253,0.478,0.000,-23.6,19,3,0.00,60,MEDIUM
2026-05-18 09:03:04,0.209,0.330,0.300,-23.7,27,7,0.00,50,HIGH
2026-05-18 09:03:06,0.279,0.403,0.500,-25.9,33,10,0.00,50,HIGH
2026-05-18 09:03:08,0.308,0.435,0.233,-28.9,34,7,0.00,50,HIGH
2026-05-18 09:03:10,0.221,0.408,0.100,-27.2,34,9,0.00,50,HIGH
2026-05-18 09:03:11,0.236,0.327,0.283,-30.0,34,7,0.00,50,HIGH
2026-05-18 09:03:13,0.275,0.377,0.250,-29.5,99,7,0.00,40,HIGH
2026-05-18 09:03:15,0.270,0.393,0.367,-26.1,106,8,0.88,40,HIGH
2026-05-18 09:03:17,0.256,0.377,0.567,-3.7,117,4,0.66,40,MEDIUM
2026-05-18 09:03:19,0.243,0.362,0.517,-17.9,124,6,0.44,40,HIGH
2026-05-18 09:03:20,0.251,0.368,0.633,-24.6,134,6,0.97,40,HIGH
2026-05-18 09:03:22,0.199,0.377,0.717,-30.3,130,10,0.75,40,HIGH
2026-05-18 09:03:24,0.247,0.341,0.817,-27.4,127,8,0.99,30,HIGH
2026-05-18 09:03:26,0.326,0.498,0.767,-31.4,139,4,0.95,30,MEDIUM
2026-05-18 09:03:28,0.296,0.348,0.150,-15.2,123,2,0.99,30,SAFE
2026-05-18 09:03:29,0.291,0.365,0.050,-13.4,119,2,0.95,30,SAFE
2026-05-18 09:03:31,0.346,0.408,0.083,-22.1,112,3,0.88,30,MEDIUM
2026-05-18 09:03:33,0.355,0.422,0.033,-22.2,105,3,0.66,30,MEDIUM
2026-05-18 09:03:35,0.310,0.358,0.050,-15.7,100,2,0.91,30,SAFE
2026-05-18 09:03:36,0.154,0.394,0.067,168.9,95,4,0.69,20,MEDIUM
2026-05-18 09:03:38,0.248,0.363,0.067,-39.5,96,6,0.46,20,HIGH
2026-05-18 09:03:40,0.212,0.357,0.083,-34.1,91,8,0.24,20,HIGH
2026-05-18 09:03:42,0.332,0.371,0.100,-24.0,91,3,0.99,20,MEDIUM
2026-05-18 09:03:44,0.366,0.338,0.067,-19.6,87,3,0.92,20,MEDIUM
2026-05-18 09:03:46,0.329,0.416,0.017,-19.3,84,3,0.69,20,MEDIUM
2026-05-18 09:03:47,0.325,0.443,0.017,-20.3,80,3,0.46,20,MEDIUM
2026-05-18 09:03:49,0.305,0.315,0.000,-17.2,77,3,0.23,20,MEDIUM
2026-05-18 09:03:51,0.323,0.449,0.017,-22.5,75,5,0.00,10,MEDIUM
2026-05-18 09:03:53,0.394,0.447,0.083,-25.5,75,5,0.88,10,MEDIUM
2026-05-18 09:03:55,0.276,0.334,0.083,-23.1,73,3,0.64,10,MEDIUM
2026-05-18 09:03:57,0.234,0.348,0.083,-25.7,74,6,0.41,10,HIGH
2026-05-18 09:03:59,0.281,0.368,0.133,-21.4,75,4,0.18,10,MEDIUM
2026-05-18 09:04:00,0.355,0.371,0.083,-22.5,73,5,0.00,10,MEDIUM
2026-05-18 09:04:02,0.310,0.406,0.017,-18.0,71,2,0.88,10,SAFE
2026-05-18 09:04:04,0.300,0.382,0.033,-24.7,69,3,0.83,10,MEDIUM
2026-05-18 09:04:06,0.389,0.444,0.033,-21.5,67,3,0.60,10,MEDIUM
2026-05-18 09:04:08,0.287,0.336,0.033,-9.4,67,3,0.37,10,MEDIUM
2026-05-18 09:04:10,0.306,0.412,0.100,-21.1,67,4,0.14,10,MEDIUM
2026-05-18 11:28:55,0.000,0.000,0.000,0.0,0,2,0.69,80,SAFE
2026-05-18 11:28:57,0.000,0.000,0.000,0.0,0,3,0.44,80,MEDIUM
2026-05-18 11:28:58,0.000,0.000,0.000,0.0,0,3,0.22,80,MEDIUM
2026-05-18 11:29:00,0.000,0.000,0.000,0.0,0,4,0.00,80,MEDIUM
2026-05-18 11:29:02,0.000,0.000,0.000,0.0,0,4,0.00,80,MEDIUM
2026-05-18 11:29:04,0.198,0.331,0.017,-1.6,0,4,0.00,80,MEDIUM
2026-05-18 11:29:19,0.000,0.000,0.000,0.0,0,2,0.68,80,SAFE
2026-05-18 11:29:21,0.000,0.000,0.000,0.0,0,3,0.46,80,MEDIUM
2026-05-18 11:29:23,0.287,0.372,0.000,-4.7,0,3,0.24,80,MEDIUM
2026-05-18 11:29:25,0.287,0.372,0.000,-4.7,0,4,0.02,80,MEDIUM
2026-05-18 11:29:26,0.227,0.399,0.017,-17.6,0,4,0.00,80,MEDIUM
2026-05-18 11:29:28,0.227,0.399,0.017,-17.6,0,4,0.00,80,MEDIUM
2026-05-18 11:29:30,0.227,0.399,0.017,-17.6,0,4,0.00,80,MEDIUM
2026-05-18 11:29:32,0.227,0.399,0.017,-17.6,0,4,0.00,80,MEDIUM
2026-05-18 11:29:34,0.227,0.399,0.017,-17.6,0,4,0.00,80,MEDIUM
2026-05-18 11:29:35,0.227,0.399,0.017,-17.6,0,4,0.00,80,MEDIUM
2026-05-18 11:29:37,0.227,0.399,0.017,-17.6,0,4,0.00,80,MEDIUM
2026-05-18 11:29:39,0.227,0.399,0.017,-17.6,0,4,0.00,80,MEDIUM
2026-05-18 11:29:41,0.227,0.399,0.017,-17.6,0,4,0.00,80,MEDIUM
2026-05-18 11:29:42,0.227,0.399,0.017,-17.6,0,4,0.00,80,MEDIUM
2026-05-18 11:29:44,0.227,0.399,0.017,-17.6,0,4,0.00,80,MEDIUM
2026-05-18 11:29:46,0.227,0.399,0.017,-17.6,0,4,0.00,80,MEDIUM
2026-05-18 11:29:48,0.227,0.399,0.017,-17.6,0,4,0.00,80,MEDIUM
2026-05-18 11:29:50,0.227,0.399,0.017,-17.6,0,4,0.00,80,MEDIUM
2026-05-18 11:29:51,0.227,0.399,0.017,-17.6,0,4,0.00,80,MEDIUM
2026-05-18 11:29:53,0.227,0.399,0.017,-17.6,0,4,0.00,80,MEDIUM
2026-05-18 11:29:55,0.227,0.399,0.017,-17.6,0,4,0.00,80,MEDIUM
2026-05-18 11:29:57,0.227,0.399,0.017,-17.6,0,4,0.00,80,MEDIUM
2026-05-18 11:29:58,0.187,0.353,0.117,-1.4,0,4,0.00,80,MEDIUM
2026-05-18 11:30:00,0.187,0.353,0.117,-1.4,0,4,0.00,80,MEDIUM
2026-05-18 11:30:02,0.187,0.353,0.117,-1.4,0,4,0.00,80,MEDIUM
2026-05-18 11:30:04,0.187,0.353,0.117,-1.4,0,4,0.00,80,MEDIUM
2026-05-18 11:30:06,0.187,0.353,0.117,-1.4,0,4,0.00,80,MEDIUM
2026-05-18 11:31:21,0.000,0.000,0.000,0.0,0,2,0.68,80,SAFE
2026-05-18 11:31:23,0.000,0.000,0.000,0.0,0,3,0.45,80,MEDIUM
2026-05-18 11:31:25,0.000,0.000,0.000,0.0,0,3,0.22,80,MEDIUM
2026-05-18 11:31:27,0.000,0.000,0.000,0.0,0,4,0.00,80,MEDIUM
2026-05-18 11:31:29,0.000,0.000,0.000,0.0,0,4,0.00,80,MEDIUM
2026-05-18 11:31:30,0.000,0.000,0.000,0.0,0,4,0.00,80,MEDIUM
2026-05-18 11:31:32,0.000,0.000,0.000,0.0,0,4,0.00,80,MEDIUM
2026-05-18 11:31:34,0.000,0.000,0.000,0.0,0,4,0.00,80,MEDIUM
2026-05-18 11:31:35,0.000,0.000,0.000,0.0,0,4,0.00,80,MEDIUM
2026-05-18 11:31:37,0.000,0.000,0.000,0.0,0,4,0.00,80,MEDIUM
2026-05-18 11:31:39,0.000,0.000,0.000,0.0,0,4,0.00,80,MEDIUM
2026-05-18 11:31:41,0.000,0.000,0.000,0.0,0,4,0.00,80,MEDIUM
2026-05-18 11:31:42,0.000,0.000,0.000,0.0,0,4,0.00,80,MEDIUM
2026-05-18 11:31:44,0.000,0.000,0.000,0.0,0,4,0.00,80,MEDIUM
2026-05-18 11:31:46,0.000,0.000,0.000,0.0,0,4,0.00,80,MEDIUM
2026-05-18 11:31:47,0.000,0.000,0.000,0.0,0,4,0.00,80,MEDIUM
2026-05-18 22:08:51,0.244,0.447,0.100,2.2,0,0,0.72,80,SAFE
2026-05-18 22:08:53,0.304,0.271,0.233,-6.2,0,0,0.52,80,SAFE
2026-05-18 22:08:55,0.360,0.124,0.200,-9.3,69,3,0.32,80,MEDIUM
2026-05-18 22:08:56,0.210,0.367,0.417,4.8,78,8,0.11,70,HIGH
2026-05-18 22:08:58,0.345,0.363,0.450,2.1,70,7,0.00,70,HIGH
2026-05-18 22:08:59,0.265,0.418,0.050,0.5,60,4,0.00,70,MEDIUM
2026-05-18 22:09:01,0.339,0.334,0.050,1.3,61,4,0.00,70,MEDIUM
2026-05-18 22:09:03,0.170,0.354,0.067,0.3,54,6,0.00,70,HIGH
2026-05-18 22:09:04,0.306,0.365,0.050,0.4,56,4,0.00,70,MEDIUM
2026-05-18 22:09:06,0.343,0.362,0.033,-1.5,51,4,0.00,70,MEDIUM
2026-05-18 22:09:08,0.313,0.384,0.000,-2.9,46,4,0.00,70,MEDIUM
2026-05-18 22:09:09,0.370,0.428,0.050,0.4,48,4,0.00,60,MEDIUM
2026-05-18 22:09:11,0.171,0.373,0.083,0.9,45,6,0.00,60,HIGH
2026-05-18 22:09:13,0.374,0.396,0.033,-0.0,44,4,0.00,60,MEDIUM
2026-05-18 22:09:14,0.327,0.349,0.033,-0.2,46,4,0.00,60,MEDIUM
2026-05-18 22:09:16,0.353,0.266,0.100,0.3,45,4,0.00,60,MEDIUM
2026-05-18 22:09:18,0.221,0.243,0.117,0.1,45,6,0.00,60,HIGH
2026-05-18 22:09:19,0.327,0.185,0.100,-0.2,46,4,0.00,50,MEDIUM
2026-05-18 22:09:21,0.309,0.373,0.083,1.4,46,4,0.00,50,MEDIUM
2026-05-18 22:09:22,0.314,0.360,0.083,2.0,46,4,0.00,50,MEDIUM
2026-05-18 22:09:24,0.393,0.331,0.050,2.2,43,4,0.00,50,MEDIUM
2026-05-18 22:09:26,0.379,0.239,0.017,-0.1,43,4,0.00,50,MEDIUM
2026-05-18 22:09:27,0.378,0.254,0.033,0.2,43,4,0.00,50,MEDIUM
2026-05-18 22:09:29,0.364,0.212,0.017,-0.5,41,4,0.00,50,MEDIUM
2026-05-18 22:09:31,0.360,0.339,0.000,-0.1,39,4,0.00,40,MEDIUM
2026-05-18 22:09:32,0.383,0.334,0.000,-0.0,38,4,0.00,40,MEDIUM
2026-05-18 22:09:34,0.392,0.263,0.017,-1.1,38,4,0.00,40,MEDIUM
2026-05-18 22:09:36,0.216,0.314,0.100,6.7,39,6,0.00,40,HIGH
2026-05-18 22:09:37,0.386,0.380,0.083,7.6,39,4,0.00,40,MEDIUM
2026-05-18 22:09:39,0.235,0.569,0.017,0.6,39,4,0.00,40,MEDIUM
2026-05-18 22:09:40,0.213,0.565,0.217,5.4,40,6,0.00,30,HIGH
2026-05-18 22:09:42,0.182,0.269,0.517,5.4,43,9,0.00,30,HIGH
2026-05-18 22:09:44,0.290,0.268,0.433,4.5,45,7,0.00,30,HIGH
2026-05-18 22:09:45,0.322,0.373,0.117,3.6,44,4,0.00,30,MEDIUM
2026-05-18 22:09:47,0.322,0.327,0.217,2.0,44,4,0.00,30,MEDIUM
2026-05-18 22:09:49,0.395,0.373,0.217,2.4,43,4,0.00,30,MEDIUM
2026-05-18 22:09:50,0.386,0.322,0.017,3.4,43,4,0.00,20,MEDIUM
2026-05-18 22:09:52,0.375,0.228,0.050,3.8,43,4,0.00,20,MEDIUM
2026-05-18 22:09:54,0.220,0.203,0.100,2.7,35,6,0.00,20,HIGH
2026-05-18 22:09:55,0.167,0.243,0.100,-0.3,35,6,0.00,20,HIGH
2026-05-18 22:09:57,0.254,0.081,0.133,-2.9,47,6,0.00,20,HIGH
2026-05-19 09:40:04,0.254,0.081,0.133,-2.9,47,6,0.00,10,HIGH
2026-05-19 09:40:06,0.254,0.081,0.133,-2.9,47,6,0.00,10,HIGH
2026-05-19 09:40:08,0.254,0.081,0.133,-2.9,47,6,0.00,10,HIGH
2026-05-19 09:40:10,0.254,0.081,0.133,-2.9,47,6,0.00,10,HIGH
2026-05-19 09:40:12,0.254,0.081,0.133,-2.9,47,6,0.00,10,HIGH
2026-05-19 09:41:29,0.356,0.394,0.000,-7.0,0,0,0.68,80,SAFE
2026-05-19 09:41:31,0.371,0.443,0.033,-12.9,23,2,0.45,80,SAFE
2026-05-19 09:41:32,0.392,0.375,0.033,-12.9,17,2,0.22,80,SAFE
2026-05-19 09:41:34,0.310,0.381,0.000,-4.8,13,3,0.00,80,MEDIUM
2026-05-19 09:41:36,0.338,0.482,0.000,-9.7,11,3,0.00,80,MEDIUM
2026-05-19 09:41:38,0.315,0.410,0.017,-6.2,14,2,0.00,80,SAFE
2026-05-19 09:41:40,0.386,0.386,0.017,-6.6,12,2,0.00,80,SAFE
2026-05-19 09:41:42,0.381,0.409,0.000,-3.8,11,2,0.00,80,SAFE
2026-05-19 09:41:43,0.379,0.444,0.000,-10.7,10,3,0.00,80,MEDIUM
2026-05-19 09:41:45,0.344,0.470,0.017,-17.9,12,3,0.00,70,MEDIUM
2026-05-19 09:41:47,0.374,0.476,0.017,-13.2,11,3,0.00,70,MEDIUM
2026-05-19 09:41:49,0.258,0.463,0.000,-16.4,10,3,0.00,70,MEDIUM
2026-05-19 09:41:51,0.275,0.423,0.000,-5.2,9,4,0.00,70,MEDIUM
2026-05-19 09:41:53,0.338,0.519,0.000,-10.6,8,3,0.00,70,MEDIUM
2026-05-19 09:41:54,0.416,0.509,0.000,-5.5,8,4,0.00,70,MEDIUM
2026-05-19 09:41:56,0.400,0.492,0.000,144.6,7,7,0.00,60,HIGH
2026-05-19 09:41:58,0.391,0.549,0.000,-8.9,7,6,0.00,60,HIGH
2026-05-19 09:42:00,0.383,0.524,0.000,-11.3,7,5,0.00,60,MEDIUM
2026-05-19 09:42:01,0.280,0.412,0.000,-7.3,6,6,0.00,60,HIGH
2026-05-19 09:42:03,0.280,0.412,0.000,-7.3,6,6,0.00,60,HIGH
2026-05-19 09:42:05,0.280,0.412,0.000,-7.3,6,6,0.00,60,HIGH
2026-05-19 09:42:06,0.280,0.412,0.000,-7.3,6,6,0.00,50,HIGH
2026-05-19 09:42:08,0.280,0.412,0.000,-7.3,6,6,0.00,50,HIGH
2026-05-19 09:42:10,0.280,0.412,0.000,-7.3,6,6,0.00,50,HIGH
2026-05-19 09:42:12,0.324,0.587,0.000,-11.9,5,6,0.00,50,HIGH
2026-05-19 09:42:13,0.324,0.587,0.000,-11.9,5,6,0.00,50,HIGH
2026-05-19 09:42:15,0.324,0.587,0.000,-11.9,5,6,0.00,50,HIGH
2026-05-19 09:42:17,0.324,0.587,0.000,-11.9,5,6,0.00,40,HIGH
2026-05-19 09:42:19,0.324,0.587,0.000,-11.9,5,6,0.00,40,HIGH
2026-05-19 09:42:20,0.324,0.587,0.000,-11.9,5,6,0.00,40,HIGH
2026-05-19 09:42:22,0.324,0.587,0.000,-11.9,5,6,0.00,40,HIGH
2026-05-19 09:42:24,0.324,0.587,0.000,-11.9,5,6,0.00,40,HIGH
2026-05-19 09:42:26,0.324,0.587,0.000,-11.9,5,6,0.00,40,HIGH
2026-05-19 09:42:27,0.324,0.587,0.000,-11.9,5,6,0.00,30,HIGH
2026-05-19 09:42:29,0.324,0.587,0.000,-11.9,5,6,0.00,30,HIGH
2026-05-19 09:42:31,0.324,0.587,0.000,-11.9,5,6,0.00,30,HIGH
2026-05-19 09:42:33,0.324,0.587,0.000,-11.9,5,6,0.00,30,HIGH
2026-05-19 09:42:34,0.324,0.587,0.000,-11.9,5,6,0.00,30,HIGH
2026-05-19 09:42:36,0.324,0.587,0.000,-11.9,5,6,0.00,30,HIGH
2026-05-19 09:42:38,0.324,0.587,0.000,-11.9,5,6,0.00,20,HIGH
2026-05-19 09:42:39,0.324,0.587,0.000,-11.9,5,6,0.00,20,HIGH
2026-05-19 09:42:41,0.324,0.587,0.000,-11.9,5,6,0.00,20,HIGH
2026-05-19 09:42:43,0.324,0.587,0.000,-11.9,5,6,0.00,20,HIGH
2026-05-19 09:42:45,0.324,0.587,0.000,-11.9,5,6,0.00,20,HIGH
2026-05-19 09:42:46,0.324,0.587,0.000,-11.9,5,6,0.00,10,HIGH
2026-05-19 09:42:48,0.324,0.587,0.000,-11.9,5,6,0.00,10,HIGH
2026-05-19 09:42:50,0.324,0.587,0.000,-11.9,5,6,0.00,10,HIGH
2026-05-19 09:42:52,0.324,0.587,0.000,-11.9,5,6,0.00,10,HIGH
2026-05-19 09:42:53,0.324,0.587,0.000,-11.9,5,6,0.00,10,HIGH
2026-05-19 09:42:55,0.324,0.587,0.000,-11.9,5,6,0.00,10,HIGH
